org,max_slope
pH10_buffer_1,0.08908571428571428
pH10_buffer_2,0.08494285714285721
pH10_buffer_3,0.09134285714285718
pH10_p055_1,0.2772285714285712
pH10_p055_2,0.24468571428571403
pH10_p055_3,0.17397142857142842
