org,max_slope,r2,intercept,pH
mean_1,1.0079291928950513,0.999825089573834,-0.805618249481425,40degrees
mean_2,0.9797910788154752,0.9952250649837788,5.6735815831571514,40degrees
mean_3,0.16903110529652343,0.970233983641679,2.6787813834838005e-4,40degrees
