org,max_slope,r2,intercept,pH
mean_1,5.255973738131613,0.9835539716723651,13.666677396466696,pH95_
mean_2,5.206029367267584,0.9850595404938461,13.919979492425828,pH95_
mean_3,5.171122011287351,0.98238523206024575,13.772294524817145,pH95_
