org,max_slope,r2,intercept,pH
mean_1,1.0044071756804847,0.9999988022314932,-0.9205647505493614,30degrees
mean_2,-0.005486484010398952,0.8583988380041547,34.48580991754152,30degrees
mean_3,-0.005486484010399434,0.03870069337442208,5.373166629354054,30degrees
