org,max_slope,r2,intercept,pH,sec_slope,nm_slope
mean_3,0.4097937187382313,0.971639059508902,3.1467201332420913,21_4degrees,0.0034149476561519273,0.16345966719451727
mean_3,0.38254303403779777,0.9910001879392798,3.024945332732138,25degrees,0.003187858616981648,0.15258983769671336
mean_3,0.4620305338477266,0.9912518470229292,2.891611109238958,30degrees,0.003850254448731055,0.18429603442676845
mean_3,0.5726027252446035,0.9961996419290782,1.8371771013649585,35degrees,0.004771689377038363,0.2284013800683579
mean_3,0.7193199732835054,0.9991436883891496,1.928317250456508,40degrees,0.005994333110695878,0.28692436721900727
mean_3,0.7853739584668742,0.999204782686958,1.0890585316079888,45degrees,0.006544782987223952,0.3132721659802715
