org,max_slope,r2,intercept,pH,sec_slope,nm_slope
mean_2,0.04959449209405443,0.8890271840779398,0.8551646342649319,21_4degrees,0.04959449209405443,5.93471700640219
mean_2,0.07616237257025878,0.9093402548952004,1.0600141314468796,25degrees,0.07616237257025878,9.113958196878926
mean_2,0.09794166660325536,0.9175936630722812,0.4427878734733989,30degrees,0.09794166660325536,11.720173952449773
mean_2,0.11527473758393512,0.9355893795911104,0.33799497595974987,35degrees,0.11527473758393512,13.794333133818798
mean_2,0.1763162425288007,0.970233983641679,2.794235222331538e-4,40degrees,0.1763162425288007,21.098855111897624
mean_2,0.11441160797410868,0.9679004125624175,0.2397199908981699,45degrees,0.11441160797410868,13.691046866374991
