org,max_slope,r2,intercept,pH
mean_1,1.0140001474877498,0.9999152831354635,-1.1158048381068042,21_4
mean_2,0.8726758600697238,0.9983156332077195,4.662049113420634,21_4
mean_3,0.1633350540237453,0.8657243816254421,-0.25666937060874195,21_4
