org,max_slope,.id,r2,slope,intercept
pH85_,5.635907324531364,pH85_,0.9971003344254281,5.635907324531364,13.730859323789755
