org;max_slope;r2;intercept;pH
mean_1;1.001638209;0.999999108;-0.913516932;25degrees
mean_2;0.055907604;0.966264445;33.1500621;25degrees
mean_3;0.035176815;0.339003782;2.062217172;25degrees
