org,max_slope,r2,intercept,pH
mean_1,0.6027040427087224,0.9870786422655655,6.163366341509435,25degrees
mean_3,0.38254303403779777,0.9910001879392798,3.024945332732138,25degrees
mean_2,0.07616237257025878,0.9093402548952005,1.0600141314468796,25degrees
