org,max_slope
pH_85_buffer_1,0.019399999999999914
pH_85_buffer_2,0.019628571428571422
pH_85_buffer_3,0.020457142857142882
pH_85_p055_1,0.28831428571428547
pH_85_p055_2,0.2997428571428568
pH_85_p055_3,0.30674285714285693
pH_95_buffer_1,0.05222857142857147
pH_95_buffer_2,0.05399999999999998
pH_95_buffer_3,0.05637142857142862
pH_95_p055_1,0.32459999999999994
pH_95_p055_2,0.3223428571428569
pH_95_p055_3,0.3217142857142855
