org,max_slope,r2,slope,pH
pH85_,5.635907325,0.997100334,5.635907325,pH85_