org,max_slope,r2,intercept
enzyme + buffer + 4NP trimethylacetate,0.7329693248629433,0.9996944434938945,-1.6542633204728494
abiotic control,0.05850570215319728,0.607929249786443,0.6094678734030821
