org,max_slope,r2,intercept,pH
mean_3,4.731669802203689,0.9997855377839575,7.644368228208018,pH8_
mean_2,4.673430485084134,0.9996007604212527,7.475877122075977,pH8_
mean_1,4.40695813788618,0.9996394635178613,7.587594051141788,pH8_
