org,max_slope,r2,intercept
Lacticaseib_pure_4NPbutyrate,5.619949858242387,0.9795760075013094,31.8044250355029
ANSA_pure_4NPbutyrate,3.3311587908970184,0.9959774337400493,24.7313717036396
ANSA_pure_boiled_control_4NPbutyrate,3.2609531594954064,0.9976241285504568,23.69104526532081
Lacticaseib_pure_4NPtrimethylacetate,1.6162604861617087,0.9916905303642475,2.1642344239211706
