org,max_slope,r2,intercept,pH
mean_1,1.096960127630153,0.9962541018996767,5.210168092875666,45degrees
mean_3,0.7853739584668742,0.999204782686958,1.0890585316079888,45degrees
mean_2,0.11441160797410868,0.9679004125624177,0.23971999089816987,45degrees
