org,max_slope,r2,intercept,pH
mean_1,1.022019474918133,0.9952250649837789,5.918109478536596,40degrees
mean_3,0.7193199732835054,0.9991436883891496,1.928317250456508,40degrees
mean_2,0.1763162425288007,0.970233983641679,2.794235222331538e-4,40degrees
