org,max_slope,r2,intercept,pH
mean_1,0.6292294554153471,0.9747841512142362,7.490066072947212,21_4degrees
mean_3,0.4097937187382313,0.9716390595089021,3.1467201332420913,21_4degrees
mean_2,0.04959449209405443,0.8890271840779398,0.8551646342649319,21_4degrees
