org,max_slope,r2,intercept
10uL Enzyme + substrate,1.1232278320560047,0.9995143142815107,3.5410423586870396
5uL Enzyme + 5uL TNG + substrate,0.5910346665626591,0.9997711264024949,2.122062096028078
1uL enzyme + 9uL TNG buffer + substrate,0.16423227182017294,0.9135535602537095,1.0661392686198465
abiotic_control_20°C,0.14408107282383276,0.9169324680216305,0.9848627660012736
Inactivated_enzyme_control,0.05904301305927697,0.9114933375802943,-0.22548541638224395
biotic_control_20°C,0.001410583929743827,0.4666666666666668,-0.1626136755136623
