org,max_slope,r2,intercept,pH
mean_1,0.9971427937948008,0.9996170605624873,-1.2606703275578381,35degrees
mean_2,0.7779024435051077,0.991642608515876,5.400361425029157,35degrees
mean_3,0.11082679899866925,0.9355893795911103,0.32495325557324606,35degrees
