org,max_slope,r2,intercept
10uL Enzyme + substrate,1.1538596184141425,0.9993655687775669,3.9781269782116873
5uL Enzyme + 5uL TNG + substrate,0.6611820993056766,0.9843748869320771,1.6294096279189836
1uL enzyme + 9uL TNG buffer + substrate,0.23361923099364007,0.923930419441247,-0.06644971821167271
abiotic_control_20°C,0.17107182449384428,0.8967296153814058,-0.03696530644124621
Inactivated_enzyme_control,0.06791528093821109,0.8165565787570516,-0.7896346570451325
biotic_control_20°C,0.0042009452126728734,0.8678571428571402,-1.097392791514276
