org,max_slope,r2,intercept
enzyme + buffer + 4NP trimethylacetate,1.1847404686022451,0.9983157961671867,5.4452525647557355
abiotic control,0.10423903270956973,0.8079054210404533,1.0359002799422317
