org,max_slope,r2,intercept,pH
mean_2,1.0577147750965314,0.9962541018996767,5.023766711080624,45degrees
mean_1,1.005615921855489,0.9999775636689273,-0.7035132240384432,45degrees
mean_3,0.11031836540695839,0.9679004125624177,0.23114365770684472,45degrees
