org,max_slope,r2,intercept
DEET_hydrolase_4NP_trimethylacetate,1.6359199191576443,0.9982592731285922,6.220516336580712
DEET_hydrolase_4NP_butyrate,1.5642168661426346,0.9999822427793119,9.25106610525816
boiled_control_4NP_trimethylacetate,0.27060898783066883,0.9541145731405806,-6.3957380580116325
boiled_control_4NP_butyrate,0.24796990351019588,0.9690628706713009,-3.7760148982608595
boiled_control_4NP_acetamide,0.18982001468704163,0.9960681631785184,-2.1434264831503707
TNG + butyrate,0.10940962154877341,0.9999361478815063,-2.3046006107652413
DEET_hydrolase_4NP_acetamide,0.002094809362987022,0.9570270896040716,-1.7222015434098459
buffer,-8.749404568296608e-4,0.9460058309037238,-1.8637540095617722
