org,max_slope,r2,intercept,pH
mean_1,0.8091228913146713,0.9916426085158759,5.617100302031794,35degrees
mean_3,0.5726027252446035,0.9961996419290782,1.8371771013649585,35degrees
mean_2,0.11527473758393512,0.9355893795911103,0.33799497595974987,35degrees
