org,max_slope,r2,intercept,pH
mean_1,1.723830213071737,0.9993843978121165,-10.395772309690544,pH6_
mean_2,1.7055563945586132,1,-9.593754719392257,pH6_
mean_3,1.7055563945586127,1,-9.806949268712055,pH6_
mean_3,1.7055563945586127,1,-9.806949268712067,pH6_
