org,max_slope,r2,intercept,pH
mean_1,0.7060354951541027,0.9915757113156258,6.570943166372966,30degrees
mean_3,0.4620305338477266,0.9912518470229291,2.891611109238958,30degrees
mean_2,0.09794166660325535,0.9175936630722811,0.4427878734733989,30degrees
