org,max_slope,r2,intercept,pH
mean_1,3.593531494981935,0.9688783116050795,10.44283407047878,pH10_
mean_2,3.0806360507912345,0.9789621378861805,9.19005658042655,pH10_
mean_3,1.6202709737477203,0.9357199179607512,7.69161867083441,pH10_
