org,max_slope,r2,intercept,pH
mean_1,4.128832666132895,0.8741876556877938,21.378831064851862,pH10_
mean_3,3.901085668534818,0.9026449233606084,19.41726821457165,pH10_
mean_2,3.893738991192946,0.8706756802831788,20.688243394715748,pH10_
