org,max_slope,r2,intercept,pH
mean_2,0.017069980183315347,0.6744750665140488,-0.5880905950332491,pH4
mean_3,0.009381261889446539,0.04209458000431907,-1.1535111841374392,pH4
mean_1,-0.002066070891014128,0.006101498423176835,1.8397989063005105,pH4
