org,max_slope,r2,intercept,pH
mean_3,5.638574859887897,0.9771628653850299,15.196602081665324,pH4_
mean_2,5.528374699759795,0.9698443813017781,15.512509207365891,pH4_
mean_1,5.506334667734176,0.9731708986083705,16.386763811048823,pH4_
