org,max_slope,r2,intercept,pH
mean_3,0.560856472349458,0.9995406690736561,1.2562884782783534,pH5
mean_1,0.5568867508570207,0.9950380295946764,2.623432910472394,pH5
mean_2,0.48616083931896165,0.9977147045192623,1.1989568156856092,pH5
