org,max_slope,r2,intercept,pH
mean_3,3.3356729870324453,0.9998843930635838,-2.7976612149304088,pH5_
mean_1,3.3356729870324444,0.999877971239748,-2.606368140405241,pH5_
mean_2,3.3237171698746213,0.9998027147740761,-2.4987657859848316,pH5_
