org,max_slope,r2,intercept,pH
mean_3,1.0548417394224139,0.9735328256561783,16.660586456106593,pH6
mean_1,1.002701514104417,0.9765524870893124,9.862062812182733,pH6
mean_2,0.9376371017088121,0.9814443511703237,11.246999270902688,pH6
