org,max_slope,r2,intercept,pH
mean_3,5.723089870101658,0.9984560220460191,12.43635524547665,pH6_
mean_2,5.6390183649369465,0.9983322172166078,12.844257733498019,pH6_
mean_1,5.302732344278089,0.9966121066586762,13.267729018772137,pH6_
