org,max_slope,r2,intercept,pH
mean_1,1.723830213,0.999384398,-10.39577231,pH6_
mean_2,1.705556395,1,-9.593754719,pH6_
mean_3,1.705556395,1,-9.806949269,pH6_