org,max_slope,r2,intercept,pH
mean_3,1.446807916311678,0.9842194978199463,8.462548359613962,pH7
mean_2,1.4321429070238378,0.9150318463355567,9.093143758991058,pH7
mean_1,1.3910808810178892,0.9873004555641346,8.170505174653279,pH7
