org,max_slope,r2,intercept,pH
mean_3,5.79109417528578,0.9945979792703344,14.27954273271638,pH7_
mean_2,5.678301578660849,0.9942598527878336,13.966946107784427,pH7_
mean_1,5.678301578660848,0.9937684692482216,14.688818726183996,pH7_
