org,max_slope,r2,intercept,pH
mean_3,1.6904758295891311,0.9999580235552434,-0.5284079467331028,pH7_
mean_2,1.6475158339197744,0.9995593678230902,-0.4020339594723866,pH7_
mean_1,1.6271098359768301,0.9999825728183892,-1.4552698532994002,pH7_
