org,max_slope,r2,intercept,pH
mean_2,1.7279637410887112,0.9382663616918765,13.707825624165762,pH85
mean_3,1.6105343124841738,0.8738336824570684,12.269830165113676,pH85
mean_1,1.504435793657266,0.8487461154946502,14.889330489160537,pH85
