org,max_slope,r2,intercept,pH
mean_3,5.795673634994782,0.9968973936339228,13.450137858470777,pH85_
mean_2,5.660588205039274,0.9966008336949688,13.810930882689451,pH85_
mean_1,5.451460133560041,0.9977119819661279,13.931509230209008,pH85_
