org,max_slope,r2,intercept,pH
mean_3,4.71058341800524,0.9637612618815101,16.408474040924116,pH85_
mean_2,4.710583418005239,0.9723091340800628,16.268797734978815,pH85_
mean_1,4.647729080329852,0.9584149342035502,16.41545785622139,pH85_
