org,max_slope,r2,intercept,pH
mean_2,2.057798628298425,0.9558274441775934,6.857030278403698,pH8_
mean_3,1.958307167571694,0.9524535268054567,7.892332508342265,pH8_
mean_1,1.742085626685383,0.9690448489542989,6.714688535086742,pH8_
