org,max_slope,r2,intercept,pH
mean_3,2.114303042555341,0.9091440904936633,13.553502476498537,pH9
mean_2,1.9690690387142422,0.9415493601661383,19.07692307692307,pH9
mean_1,1.940766198322046,0.9108023434944297,18.93702618012733,pH9
