org,max_slope,r2,intercept,pH
mean_3,5.288065075343369,0.9910588448711328,12.133777837044947,pH95_
mean_2,5.162394985998129,0.9877071706752363,14.018829177223605,pH95_
mean_1,5.122709694625943,0.9892723734445992,12.682757701026803,pH95_
