org,max_slope,r2,intercept,pH
mean_3,5.903832133628638,0.9900054821281998,10.596553925187646,pH9_
mean_2,5.750348375784415,0.9912760240285116,10.59743601574997,pH9_
mean_1,5.232737633813207,0.993567192944216,9.56362587670728,pH9_
