org,max_slope,r2,intercept,pH
mean_3,5.495811369196486,0.97716286538503,14.81183819828399,pH9_
mean_2,5.388401375010237,0.969844381301778,15.119746848284564,pH9_
mean_1,5.366919376172989,0.9731708986083707,15.971866135495473,pH9_
